{"acc": [0.7350485106515785, 0.7885481633664169, 0.8395876645298361, 0.8757969507556448, 0.9018537762507084, 0.9204261956988155, 0.9322765075243437, 0.9446292449679543, 0.9540367293506551, 0.961451837600145, 0.9682259205721024, 0.9728517007183384, 0.9758316040782572, 0.9802494839670257, 0.9811503848514042, 0.9842688894817091, 0.9856722144475846, 0.9877338918479713, 0.9882016674148814, 0.9897782438262337], "val_loss": [0.572798438627358, 0.4518433783505414, 0.35485947357641684, 0.37579382035935494, 0.2981788560159489, 0.2960600071166508, 0.23989866064888524, 0.2537883259898164, 0.18838984224627767, 0.19315741773764458, 0.18297105465324406, 0.2008156461567616, 0.19312532565202137, 0.28645497985850255, 0.24365539067035652, 0.2088960170110769, 0.22187146646766429, 0.27932439178553664, 0.18621037842593546, 0.2092141823994147], "loss": [0.5411788139670406, 0.45272216717567365, 0.36463923656890895, 0.296156690107066, 0.24450329977112847, 0.20339786095889342, 0.1723226478667988, 0.1446569592054941, 0.12133098836066569, 0.1031877393913678, 0.08473877720050746, 0.07421911890674654, 0.06410856248797334, 0.052455851303901437, 0.05027392692002323, 0.04140449544993808, 0.03802258877940195, 0.03289281541954536, 0.03165352367679831, 0.02868710390844899], "val_acc": [0.728066527248668, 0.7993762993019484, 0.8449064457986558, 0.8423423423836484, 0.8767151760212349, 0.888773389987787, 0.9094941095849828, 0.908870408837364, 0.9298683301574723, 0.929244630326848, 0.9382536387988782, 0.9390159386359233, 0.9382536367418365, 0.9164241163745491, 0.9385308390099888, 0.9437976441363535, 0.9392238388438234, 0.928066528339148, 0.9502425490694582, 0.9489951496808295]}