{"val_acc": [0.7166320175985784, 0.810256412272146, 0.8153846143437027, 0.9026334014603106, 0.8901593883914908, 0.9155925138824447, 0.9104643121330753, 0.935481635423807, 0.9330561325356767, 0.9422037414850167, 0.943797643145008, 0.9303534310225885, 0.9446985443763575, 0.929799030079911, 0.9512820526121064, 0.9507276503311125, 0.9433125433208045, 0.9507276513968089, 0.9555093571698591, 0.9509355521995164], "acc": [0.6936243935830876, 0.7961711714024851, 0.8585412336486293, 0.8913201662953827, 0.9103950101719577, 0.9313409570101145, 0.9432432434910796, 0.953465002861935, 0.9620928630511627, 0.9674809439514382, 0.9738738773022768, 0.9772349306550691, 0.9794005577628677, 0.9831254377434506, 0.9852390895762215, 0.9868676410147653, 0.9891198929778752, 0.9902460193931437, 0.9905232199016579, 0.989986143687163], "loss": [0.5926603744034955, 0.44077855779822306, 0.33373210490865174, 0.2651519498898185, 0.22276569416208228, 0.1785573517295712, 0.14943225676515245, 0.1238600938211112, 0.10251303735981054, 0.08724838951738113, 0.07124213972390317, 0.061545043799971964, 0.054833811434109744, 0.0455601280886707, 0.03904397336592106, 0.03618763174165598, 0.030325288312297156, 0.027956876065218995, 0.025702561113246175, 0.026927452762796362], "val_loss": [0.5811334463266226, 0.40781792267196637, 0.41341093000404056, 0.24932882508220394, 0.2810010250913378, 0.2093660366448444, 0.272687863547688, 0.1842859630463277, 0.18689418388007834, 0.16091327727956237, 0.16518869716635365, 0.205187590088765, 0.16233105074436155, 0.2719634423880468, 0.15165193039621855, 0.166468063460783, 0.19082476533484682, 0.1857816854755156, 0.17528192150578864, 0.18370017339911102]}