{"val_acc": [0.6907137903007301, 0.8798336815685344, 0.9159390169468838, 0.951004850616574, 0.9306306315063191, 0.8994455984872989, 0.9561330575209398, 0.9679833693712516, 0.9634788652715465, 0.964241166298206, 0.9677754702290478, 0.9618849619758352, 0.9627165639970506, 0.9706167738055984, 0.9687456706705312, 0.9702702717325048, 0.9588357599758061, 0.9761607780773773, 0.9727650748221146, 0.9654885669508], "acc": [0.7420478166264952, 0.8527200277035053, 0.9104469865126817, 0.9400727645770923, 0.9581600845727504, 0.9693520462190782, 0.9747228027381422, 0.9810637589551803, 0.9845460892714978, 0.9865557911490205, 0.9889119927699749, 0.9896916186735188, 0.9919611955135131, 0.9921690959196824, 0.9947158730203546, 0.9933645223381613, 0.9945426225910068, 0.9954261979541263, 0.9950277230348012, 0.9952875981707583], "loss": [0.5215292251903153, 0.3386533754593122, 0.2195665846712376, 0.15439287719012793, 0.10909182704721816, 0.08175981802141716, 0.06708627451044699, 0.052380086274976353, 0.04209451208369353, 0.03546813569276588, 0.0307383383155206, 0.027764629069781086, 0.022126820329610615, 0.022408230328027703, 0.014547183853341146, 0.018975688303543545, 0.015223524639471419, 0.012964147128424766, 0.014157551746170317, 0.013160444758236007], "val_loss": [0.8625474089396471, 0.3013969648900498, 0.19890319117017694, 0.12534048012661092, 0.18292720317220984, 0.2878276068430681, 0.13298934355703437, 0.09580141654365895, 0.1099294277109407, 0.11000585543522282, 0.10871782513091384, 0.11965571923216267, 0.11438695784820836, 0.10582763840407598, 0.103854126243885, 0.11674305487304573, 0.14661980101610234, 0.09941602248592948, 0.1057946258049803, 0.150233858143388]}