{"acc": [0.7885135129930572, 0.8794178789965577, 0.921673596648813, 0.9483367983367983, 0.9667532941655657, 0.976264729098322, 0.9811157348745826, 0.9861573160314262, 0.9875433167400083, 0.9912335446867279, 0.992151771315418, 0.9920304953432381, 0.9949757482306625, 0.993832296641106, 0.9950277231339357, 0.9950103975878931, 0.9954261978054245, 0.9961191985810373, 0.996032572982217, 0.9962231481397474], "val_loss": [0.4004894115820744, 0.3414410196570002, 0.22981734296883963, 0.24497729503934942, 0.29507245158703066, 0.18871427319030007, 0.15714319857019396, 0.2265045309985316, 0.1932538655274809, 0.1885704533783661, 0.24165818422312485, 0.15942818909310377, 0.18411404854974278, 0.25376722855017114, 0.1830389875012475, 0.19994588624279397, 0.19164377129026794, 0.17452023190643692, 0.177685938564104, 0.20748584855564728], "loss": [0.4588216613335322, 0.28799076761872255, 0.19378992558269142, 0.1321981752798612, 0.0908953741955689, 0.0652939695560929, 0.05152993445621567, 0.03807389882991958, 0.03437561201129647, 0.025857450181332498, 0.021883999349871553, 0.022522166114877847, 0.014670789241482187, 0.01792896938797163, 0.01422618413931926, 0.015457014901840994, 0.013930048247956187, 0.01043262614028004, 0.011471282285261196, 0.010774617736085536], "val_acc": [0.8287595276029591, 0.8662508664904414, 0.909563411099995, 0.9097713091269353, 0.8950796939726927, 0.9376992375835808, 0.951212750229667, 0.9352737341006432, 0.9459459465655369, 0.9468468476481844, 0.947054748921781, 0.9607761623705747, 0.954677755545182, 0.9410256414304404, 0.9609147626991827, 0.955232155769134, 0.9564102574098631, 0.9651420675295554, 0.9636867652811776, 0.9534996550940674]}