{"acc": [0.7714310464393076, 0.8629591131656432, 0.897799722147087, 0.9178967432024078, 0.9356548855805348, 0.9490817744370063, 0.9592342349694821, 0.9686936955194215, 0.9756410285985395, 0.9790194080426142, 0.9822591856462792, 0.985914765673219, 0.9861399904606001, 0.9893624437821879, 0.9893624440548078, 0.9911295953758541, 0.9897089441699942, 0.9925155961835707, 0.9924636211563792, 0.9936936970807906], "val_loss": [0.41749664986207924, 0.38020597884659957, 0.4288756790750983, 0.25642255480225024, 0.3042743681993901, 0.29038001588872964, 0.20170211114779332, 0.2629520318178526, 0.23761274367106183, 0.30877445066607173, 0.18419289300121414, 0.20232608061740776, 0.19137683071490386, 0.2505965373960949, 0.21844564184174717, 0.1772212038211633, 0.19755873488661158, 0.20642655349981326, 0.25383078249446317, 0.23271123492933438], "loss": [0.4825348779590115, 0.3177488046537566, 0.2450215207377987, 0.20013371765799434, 0.16091011063410685, 0.1291780881475262, 0.10571303066416118, 0.08367043669585317, 0.06602845916586489, 0.05622623229773014, 0.0489707835003145, 0.03931255727234779, 0.03797773621533949, 0.029807975706610472, 0.028981063261823224, 0.02504545952000543, 0.027709151313748123, 0.020479120594334863, 0.020555101567286353, 0.01872009241647569], "val_acc": [0.8175329179625006, 0.8458766446539865, 0.837976437472504, 0.9027720049860076, 0.8853083849201083, 0.900069299755374, 0.9336798341507228, 0.9058905055022289, 0.92758142787057, 0.9163548162474205, 0.9477477476899193, 0.9441441419714454, 0.9444906451598026, 0.9257796261265967, 0.9464310454479622, 0.955232155843485, 0.9491337480267468, 0.9534996519961129, 0.9446985444507083, 0.9509355510842528]}