{"val_acc": [0.7867636873171879, 0.9224532227258424, 0.7868329868742929, 0.9454608473857079, 0.9476784480336798, 0.9545391562079194, 0.9510048522770777, 0.9428967420623605, 0.9632709632792245, 0.9602910631411784, 0.9643797657098195, 0.9577962596550305, 0.960360361359967, 0.964656965524392, 0.9604989609698495, 0.9629937642577284, 0.9717948753719766, 0.9559944562753372, 0.9736659760534639, 0.9708939727527436], "acc": [0.7608801114088285, 0.8958939714144273, 0.9456514209075182, 0.9664067935051392, 0.9776160817384224, 0.9836278627667259, 0.9876472672404966, 0.9883402675700039, 0.9928794214482615, 0.9921864210196195, 0.9929487211540682, 0.9957033983139387, 0.9955301484546146, 0.9942654217603053, 0.9983021496239423, 0.9945426218722814, 0.99800762421376, 0.9968295236635109, 0.9968121988609774, 0.9972626490305466], "loss": [0.4994569427010423, 0.25655563853665597, 0.14382522906139958, 0.09273656466801548, 0.06325340093154143, 0.047833711490337105, 0.03429254123753735, 0.03242745708018661, 0.020358845113703773, 0.02135932039191875, 0.020109360560486126, 0.012369326810713156, 0.013030527036677546, 0.015789207902642814, 0.005074148426677627, 0.017017027142562282, 0.005936189252137932, 0.009185748096666835, 0.009614319995060653, 0.007942985887168368], "val_loss": [0.50959026042736, 0.20252971418682106, 0.7706654185812587, 0.1508049640270132, 0.16049940498727772, 0.12555322746074374, 0.14932112324432995, 0.17425724728780329, 0.14765015732750622, 0.1413710229710643, 0.12467077292362519, 0.14832166398095117, 0.1631098693441948, 0.1274634006835439, 0.18540812129103493, 0.1550963532379025, 0.10995899379532204, 0.20919858571025784, 0.11785083903861256, 0.14074340903023166]}