{"acc": [0.8334199588412803, 0.908489257927496, 0.9317394315824687, 0.9475918229800996, 0.9577269583630711, 0.967151768663569, 0.9734580773077982, 0.977477480071498, 0.9799549592507852, 0.9831427625459842, 0.9856895403653817, 0.986573115951554, 0.9881496922637717, 0.9893970941059802, 0.9908004200136339, 0.9912508703814723, 0.9916146957700812, 0.9924116456830824, 0.9923943211779525, 0.9940921726940576], "val_loss": [0.30089798316886174, 0.2642450814683323, 0.2394980655638443, 0.24786335287495612, 0.21161364784111847, 0.24259181841743216, 0.2174849500403335, 0.2635884855461468, 0.36473767908905746, 0.23940419949622138, 0.289419127742057, 0.2733164338274954, 0.4350365443190021, 0.25348768130471455, 0.25924137592036856, 0.25586994970701404, 0.3559952945384563, 0.2552248140882213, 0.30778302424190385, 0.2446182090161744], "loss": [0.37179829416924354, 0.22826530205515716, 0.17396739226709781, 0.13611991618936126, 0.10836277601702174, 0.08721316448817507, 0.07151426342983969, 0.059667387413898806, 0.0528674441839911, 0.045578762147867984, 0.03951294665133364, 0.0361605035617663, 0.032620760312402165, 0.02908462911462818, 0.02547613054048875, 0.023585998562342253, 0.02318823600154982, 0.02116429905948123, 0.020178276131664386, 0.01732553996510824], "val_acc": [0.8816354814041677, 0.9015246020781027, 0.91372141505973, 0.920166320587642, 0.9282744281009428, 0.9225225224812165, 0.9340956333769086, 0.9213444210387565, 0.9101178096138762, 0.9401940400783833, 0.9333333332920273, 0.9339570339157279, 0.9050589056867572, 0.9351351360769133, 0.9419958413514674, 0.946500346715138, 0.9231462244184498, 0.9437976445328917, 0.9352044350887783, 0.9457380460850167]}