{"val_acc": [0.8640332659663876, 0.8769230761547842, 0.9059598036714502, 0.8990990997104288, 0.9285516279650825, 0.9192654182162453, 0.9138600124143017, 0.9437283416299959, 0.9506583510714113, 0.939431739373911, 0.9555786556612677, 0.9525294530664313, 0.9223839220039066, 0.949133748819823, 0.942203741881555, 0.9521829526538412, 0.9483714493049653, 0.9505890510682009, 0.9641025655730598, 0.9570339560508728], "acc": [0.8288808045169173, 0.9043659042915535, 0.9324151075803316, 0.9486832991707101, 0.9601871114510756, 0.9684164966466273, 0.9733368013851855, 0.9790540578955177, 0.9830388117728759, 0.9842342386374603, 0.9867290412066136, 0.9883922423741426, 0.9885654926052212, 0.9896569683249428, 0.990904369919315, 0.9917013206253924, 0.9921171213138128, 0.9930873216065944, 0.9933991716706083, 0.9934857965011359], "loss": [0.3821124515699498, 0.24057308657563403, 0.17354478620441938, 0.1336433333846239, 0.10517967888376754, 0.0838791959469832, 0.06929820870792806, 0.056524831205877535, 0.04724668392048967, 0.04339355042924535, 0.03614441498112284, 0.032917949296979394, 0.030323557280465815, 0.02751934952630222, 0.024252016094705408, 0.0219172436862538, 0.02114260486835249, 0.019075436636165614, 0.01818947347171526, 0.01842535286401195], "val_loss": [0.3433948702227301, 0.3505308544065749, 0.2775239897121263, 0.2798751293001948, 0.20330290914573193, 0.2591286741584354, 0.28404374487868467, 0.1753371211616884, 0.17499203860155635, 0.21924802050257794, 0.15052855010618788, 0.17008297389872729, 0.29736068118015097, 0.17674910983152053, 0.24354848634149578, 0.18225813150917047, 0.2089183620426982, 0.19067349888678647, 0.1436911026403122, 0.16581907010348726]}